Workbook

Sheet Summary
A1: UC1 — Multi-Step Discovery Orchestration
A2: WBS, Estimates & Staffing — engagement summary
A3: Companion to UC1-Solution-Implementation-Plan.md & UC1-Solution-Design.md. Estimate model & rates grounded in the attached FY25 IS template (WBS_Estimates_Staffing.xlsx).
A5: Engagement at a glance
A6: Total effort (hours) | B6: ='WBS & Estimates'!J23 -> 11190
A7: Professional fees (USD) | B7: ='WBS & Estimates'!I23 -> 2922700
A8: Total investment incl. risk reserve + expenses (USD) | B8: ='WBS & Estimates'!I31 -> 3214970
A9: Blended rate (USD/hr) | B9: ='WBS & Estimates'!I23/'WBS & Estimates'!J23 -> 261.18856
A10: Duration | B10: ~15 months (5 phases)
A11: Named delivery roles | B11: ='Staffing Plan'!J25 -> 17
A13: By workstream
A14: Workstream | B14: Hours | C14: Fees (USD) | D14: % Fees
A15: 1. Governance & Program Mgmt | B15: =SUMPRODUCT(('WBS & Estimates'!$B$6:$B$22=$A15)*'WBS & Estimates'!$J$6:$J$22) -> 1050 | C15: =SUMPRODUCT(('WBS & Estimates'!$B$6:$B$22=$A15)*'WBS & Estimates'!$I$6:$I$22) -> 288200 | D15: =C15/$C$20 -> 0.098607452
A16: 2. Security & Compliance | B16: =SUMPRODUCT(('WBS & Estimates'!$B$6:$B$22=$A16)*'WBS & Estimates'!$J$6:$J$22) -> 1040 | C16: =SUMPRODUCT(('WBS & Estimates'!$B$6:$B$22=$A16)*'WBS & Estimates'!$I$6:$I$22) -> 278200 | D16: =C16/$C$20 -> 0.095185958
A17: 3. Data Foundation | B17: =SUMPRODUCT(('WBS & Estimates'!$B$6:$B$22=$A17)*'WBS & Estimates'!$J$6:$J$22) -> 2940 | C17: =SUMPRODUCT(('WBS & Estimates'!$B$6:$B$22=$A17)*'WBS & Estimates'!$I$6:$I$22) -> 629500 | D17: =C17/$C$20 -> 0.21538304
A18: 4. Agentic AI Discovery UC | B18: =SUMPRODUCT(('WBS & Estimates'!$B$6:$B$22=$A18)*'WBS & Estimates'!$J$6:$J$22) -> 5600 | C18: =SUMPRODUCT(('WBS & Estimates'!$B$6:$B$22=$A18)*'WBS & Estimates'!$I$6:$I$22) -> 1676400 | D18: =C18/$C$20 -> 0.57357922
A19: 5. SecureByDefault & Ops | B19: =SUMPRODUCT(('WBS & Estimates'!$B$6:$B$22=$A19)*'WBS & Estimates'!$J$6:$J$22) -> 560 | C19: =SUMPRODUCT(('WBS & Estimates'!$B$6:$B$22=$A19)*'WBS & Estimates'!$I$6:$I$22) -> 50400 | D19: =C19/$C$20 -> 0.017244329
A20: Total | B20: =SUM(B15:B19) -> 11190 | C20: =SUM(C15:C19) -> 2922700 | D20: =SUM(D15:D19) -> 1
A22: By delivery phase
A23: Phase | B23: Window | C23: Weeks | D23: Hours | E23: Fees (USD) | F23: Peak FTE
A24: P0 Foundation | B24: Mo 0-3 | C24: 13 | D24: =SUM('WBS & Estimates'!L6:L22) -> 1530 | E24: =SUMPRODUCT('WBS & Estimates'!$H$6:$H$22,'WBS & Estimates'!L6:L22) -> 392040 | F24: ='Staffing Plan'!D24 -> 2.9423077
A25: P1 Pilot | B25: Mo 3-6 | C25: 13 | D25: =SUM('WBS & Estimates'!M6:M22) -> 2170 | E25: =SUMPRODUCT('WBS & Estimates'!$H$6:$H$22,'WBS & Estimates'!M6:M22) -> 606440 | F25: ='Staffing Plan'!E24 -> 4.1730769
A26: P2 Orchestration | B26: Mo 6-9 | C26: 13 | D26: =SUM('WBS & Estimates'!N6:N22) -> 2410 | E26: =SUMPRODUCT('WBS & Estimates'!$H$6:$H$22,'WBS & Estimates'!N6:N22) -> 669040 | F26: ='Staffing Plan'!F24 -> 4.6346154
A27: P3 Federation | B27: Mo 9-11 | C27: 9 | D27: =SUM('WBS & Estimates'!O6:O22) -> 1950 | E27: =SUMPRODUCT('WBS & Estimates'!$H$6:$H$22,'WBS & Estimates'!O6:O22) -> 503820 | F27: ='Staffing Plan'!G24 -> 5.4166667
A28: P4 Scale | B28: Mo 11-15 | C28: 17 | D28: =SUM('WBS & Estimates'!P6:P22) -> 3130 | E28: =SUMPRODUCT('WBS & Estimates'!$H$6:$H$22,'WBS & Estimates'!P6:P22) -> 751360 | F28: ='Staffing Plan'!H24 -> 4.6029412
A29: Total | C29: =SUM(C24:C28) -> 65 | D29: =SUM(D24:D28) -> 11190 | E29: =SUM(E24:E28) -> 2922700 | F29: =MAX(F24:F28) -> 5.4166667
A31: Key assumptions & grounding
A32: • Estimate model, role taxonomy, rate basis (Americas List Rate), 7% risk reserve and 3% reimbursable expenses follow the attached FY25 IS template (WBS_Estimates_Staffing.xlsx, sheets 'V7-1 usecase' / 'v13 with RR').
A33: • Phases map 1:1 to UC1-Solution-Implementation-Plan.md: P0 Foundation, P1 Pilot, P2 Orchestration, P3 Federation, P4 Scale (~15 months).
A34: • Hours are a bottom-up planning estimate (blue inputs) and must be validated with the customer (cf. deck slide 6, 'Assumptions vs Facts vs Must-Validate').
A35: • Heavy offshore (GD Offshore @ $90) mix lowers blended rate; OCTO data-science & PG (CAPE) support assumed no-charge per template and excluded from fees.
A36: • Excludes Azure consumption (HPC/Batch/Quantum Elements/Foundry), partner-model licensing (Gemini/Protillion/Variational) and Merck internal labour.

Sheet Rate Card (Americas)
A1: UC1 Rate Card — Americas List Rates (extract)
A2: Source: FY25 IS Rate Card (attached WBS_Estimates_Staffing.xlsx → 'Ratecard', Americas List Rate, col K). Release 07/16/2024.
A4: Resource Title | B4: Service Line | C4: List Rate (USD/hr)
A5: Delivery Management Executive | B5: Program Director | C5: 460
A6: Senior Project Manager | B6: Project Management | C6: 370
A7: Domain Solution Architect | B7: Delivery Consulting | C7: 405
A8: Senior Domain Solution Architect | B8: Delivery Consulting | C8: 475
A9: Consulting Product Manager | B9: Delivery Consulting | C9: 355
A10: Senior Consultant | B10: Delivery Consulting | C10: 365
A11: Senior Data Scientist | B11: Delivery Consulting | C11: 400
A12: Principal Data Scientist | B12: Delivery Consulting | C12: 500
A13: Security Architect | B13: Security | C13: 445
A14: GD Offshore | B14: Global Delivery (offshore) | C14: 90

Sheet WBS & Estimates
A1: UC1 — Multi-Step Discovery Orchestration · WBS & Estimates
A2: Effort estimate by workstream, role and delivery phase. Hours are inputs (blue); rates link to the Rate Card (green); fees & totals are formulas (black). Currency: USD.
A4: # | B4: Workstream | C4: Activity / Deliverable | D4: Team | E4: Project Role | F4: Resource Title | G4: Service | H4: List Rate (USD) | I4: Revenue (USD) | J4: Total Hours | K4: % Hours | L4: P0 Foundation | M4: P1 Pilot | N4: P2 Orchestration | O4: P3 Federation | P4: P4 Scale
L5: Mo 0-3 | M5: Mo 3-6 | N5: Mo 6-9 | O5: Mo 9-11 | P5: Mo 11-15
A6: 1 | B6: 1. Governance & Program Mgmt | C6: Engagement governance, gates G0-G4, status & risk | D6: Onshore | E6: Delivery Management Exec | F6: Delivery Management Executive | G6: Program Director | H6: =VLOOKUP(F6,'Rate Card (Americas)'!$A:$C,3,FALSE) -> 460 | I6: =H6*J6 -> 59800 | J6: =SUM(L6:P6) -> 130 | K6: =IF($J$23=0,0,J6/$J$23) -> 0.011617516 | L6: 26 | M6: 26 | N6: 26 | O6: 18 | P6: 34
A7: 2 | B7: 1. Governance & Program Mgmt | C7: Planning, sprint cadence, RAID, stakeholder mgmt | D7: Onshore | E7: Engagement / Project Manager | F7: Senior Project Manager | G7: Project Management | H7: =VLOOKUP(F7,'Rate Card (Americas)'!$A:$C,3,FALSE) -> 370 | I7: =H7*J7 -> 192400 | J7: =SUM(L7:P7) -> 520 | K7: =IF($J$23=0,0,J7/$J$23) -> 0.046470063 | L7: 104 | M7: 104 | N7: 104 | O7: 72 | P7: 136
A8: 3 | B8: 1. Governance & Program Mgmt | C8: PMO support, reporting, logistics | D8: Offshore | E8: Offshore Project Manager | F8: GD Offshore | G8: Project Management | H8: =VLOOKUP(F8,'Rate Card (Americas)'!$A:$C,3,FALSE) -> 90 | I8: =H8*J8 -> 36000 | J8: =SUM(L8:P8) -> 400 | K8: =IF($J$23=0,0,J8/$J$23) -> 0.035746202 | L8: 80 | M8: 80 | N8: 80 | O8: 40 | P8: 120
A9: 4 | B9: 2. Security & Compliance | C9: Annex 22 / Part 11 / ALCOA+ control design; HITL four-eyes | D9: Onshore | E9: Security & Compliance Architect | F9: Security Architect | G9: Security | H9: =VLOOKUP(F9,'Rate Card (Americas)'!$A:$C,3,FALSE) -> 445 | I9: =H9*J9 -> 231400 | J9: =SUM(L9:P9) -> 520 | K9: =IF($J$23=0,0,J9/$J$23) -> 0.046470063 | L9: 160 | M9: 120 | N9: 80 | O9: 80 | P9: 80
A10: 5 | B10: 2. Security & Compliance | C10: Validation evidence, audit-trail config, perf-equivalence | D10: Offshore | E10: Compliance / Validation Consultant | F10: GD Offshore | G10: Security | H10: =VLOOKUP(F10,'Rate Card (Americas)'!$A:$C,3,FALSE) -> 90 | I10: =H10*J10 -> 46800 | J10: =SUM(L10:P10) -> 520 | K10: =IF($J$23=0,0,J10/$J$23) -> 0.046470063 | L10: 120 | M10: 120 | N10: 80 | O10: 80 | P10: 120
A11: 6 | B11: 3. Data Foundation | C11: Fabric/OneLake shortcuts (S3+GCS), AHDS, AI Search, Purview lineage | D11: Onshore | E11: Data & AI Architect | F11: Domain Solution Architect | G11: Delivery Consulting | H11: =VLOOKUP(F11,'Rate Card (Americas)'!$A:$C,3,FALSE) -> 405 | I11: =H11*J11 -> 186300 | J11: =SUM(L11:P11) -> 460 | K11: =IF($J$23=0,0,J11/$J$23) -> 0.041108132 | L11: 160 | M11: 80 | N11: 80 | O11: 60 | P11: 80
A12: 7 | B12: 3. Data Foundation | C12: Data pipelines, indexing, lineage instrumentation | D12: Onshore | E12: Data & AI Engineer | F12: Senior Consultant | G12: Delivery Consulting | H12: =VLOOKUP(F12,'Rate Card (Americas)'!$A:$C,3,FALSE) -> 365 | I12: =H12*J12 -> 292000 | J12: =SUM(L12:P12) -> 800 | K12: =IF($J$23=0,0,J12/$J$23) -> 0.071492404 | L12: 240 | M12: 160 | N12: 120 | O12: 120 | P12: 160
A13: 8 | B13: 3. Data Foundation | C13: Build/operate data foundation (offshore) | D13: Offshore | E13: Data & AI Engineer (offshore) | F13: GD Offshore | G13: Delivery Consulting | H13: =VLOOKUP(F13,'Rate Card (Americas)'!$A:$C,3,FALSE) -> 90 | I13: =H13*J13 -> 100800 | J13: =SUM(L13:P13) -> 1120 | K13: =IF($J$23=0,0,J13/$J$23) -> 0.10008937 | L13: 320 | M13: 240 | N13: 160 | O13: 160 | P13: 240
A14: 9 | B14: 3. Data Foundation | C14: Landing zone, networking, private endpoints (offshore) | D14: Offshore | E14: Azure Infra & Networking Eng (offshore) | F14: GD Offshore | G14: Delivery Consulting | H14: =VLOOKUP(F14,'Rate Card (Americas)'!$A:$C,3,FALSE) -> 90 | I14: =H14*J14 -> 50400 | J14: =SUM(L14:P14) -> 560 | K14: =IF($J$23=0,0,J14/$J$23) -> 0.050044683 | L14: 200 | M14: 80 | N14: 80 | O14: 80 | P14: 120
A15: 10 | B15: 4. Agentic AI Discovery UC | C15: 5-agent pipeline & HITL gate architecture (Foundry Agent Service) | D15: Onshore | E15: Lead Solution Architect | F15: Senior Domain Solution Architect | G15: Delivery Consulting | H15: =VLOOKUP(F15,'Rate Card (Americas)'!$A:$C,3,FALSE) -> 475 | I15: =H15*J15 -> 285000 | J15: =SUM(L15:P15) -> 600 | K15: =IF($J$23=0,0,J15/$J$23) -> 0.053619303 | L15: 40 | M15: 120 | N15: 160 | O15: 120 | P15: 160
A16: 11 | B16: 4. Agentic AI Discovery UC | C16: Use-case backlog, eval criteria, human-gate UX | D16: Onshore | E16: Product Owner | F16: Consulting Product Manager | G16: Delivery Consulting | H16: =VLOOKUP(F16,'Rate Card (Americas)'!$A:$C,3,FALSE) -> 355 | I16: =H16*J16 -> 170400 | J16: =SUM(L16:P16) -> 480 | K16: =IF($J$23=0,0,J16/$J$23) -> 0.042895442 | L16: 40 | M16: 120 | N16: 120 | O16: 80 | P16: 120
A17: 12 | B17: 4. Agentic AI Discovery UC | C17: Model strategy: ESM/AF3/Boltz-2/RFdiffusion; triage scoring | D17: Onshore | E17: Principal Data Scientist | F17: Principal Data Scientist | G17: Delivery Consulting | H17: =VLOOKUP(F17,'Rate Card (Americas)'!$A:$C,3,FALSE) -> 500 | I17: =H17*J17 -> 340000 | J17: =SUM(L17:P17) -> 680 | K17: =IF($J$23=0,0,J17/$J$23) -> 0.060768543 | L17: 40 | M17: 160 | N17: 200 | O17: 120 | P17: 160
... A22: 17 | B22: 5. SecureByDefault & Ops | C22: Secure-by-default hardening, run-book, portfolio scale ops | D22: Offshore | E22: SbD / Platform Ops (offshore) | F22: GD Offshore | G22: SbD | H22: =VLOOKUP(F22,'Rate Card (Americas)'!$A:$C,3,FALSE) -> 90 | I22: =H22*J22 -> 50400 | J22: =SUM(L22:P22) -> 560 | K22: =IF($J$23=0,0,J22/$J$23) -> 0.050044683 | L22: 0 | M22: 40 | N22: 80 | O22: 120 | P22: 320
B23: TOTAL — Professional Fees | I23: =SUM(I6:I22) -> 2922700 | J23: =SUM(J6:J22) -> 11190 | K23: =SUM(K6:K22) -> 1 | L23: =SUM(L6:L22) -> 1530 | M23: =SUM(M6:M22) -> 2170 | N23: =SUM(N6:N22) -> 2410 | O23: =SUM(O6:O22) -> 1950 | P23: =SUM(P6:P22) -> 3130
H25: Build-up to Total Investment
H26: Professional fees (subtotal) | I26: =I23 -> 2922700
H27: Risk reserve % | I27: 0.07 | K27: Input (template default 7%)
H28: Reimbursable expenses % | I28: 0.03 | K28: Input (template default 3%)
H29: + Risk reserve | I29: =I23*I27 -> 204589
H30: + Reimbursable (travel) expenses | I30: =I23*I28 -> 87681
H31: TOTAL INVESTMENT (sell) | I31: =I23*(1+I27+I28) -> 3214970
H32: Blended rate (USD/hr) | I32: =I23/J23 -> 261.18856
B34: Workstream rollup
B35: Workstream | I35: Revenue (USD) | J35: Total Hours | K35: % Fees
B36: 1. Governance & Program Mgmt | I36: =SUM(I6:I8) -> 288200 | J36: =SUM(J6:J8) -> 1050 | K36: =I36/$I$23 -> 0.098607452
B37: 2. Security & Compliance | I37: =SUM(I9:I10) -> 278200 | J37: =SUM(J9:J10) -> 1040 | K37: =I37/$I$23 -> 0.095185958
B38: 3. Data Foundation | I38: =SUM(I11:I14) -> 629500 | J38: =SUM(J11:J14) -> 2940 | K38: =I38/$I$23 -> 0.21538304
B39: 4. Agentic AI Discovery UC | I39: =SUM(I15:I21) -> 1676400 | J39: =SUM(J15:J21) -> 5600 | K39: =I39/$I$23 -> 0.57357922
B40: 5. SecureByDefault & Ops | I40: =SUM(I22:I22) -> 50400 | J40: =SUM(J22:J22) -> 560 | K40: =I40/$I$23 -> 0.017244329
B41: Total | I41: =SUM(I36:I40) -> 2922700 | J41: =SUM(J36:J40) -> 11190 | K41: =SUM(K36:K40) -> 1

Sheet Staffing Plan
A1: UC1 — Staffing Plan (FTE by phase)
A2: FTE = phase hours ÷ (phase weeks × utilised hours/week). Hours link from WBS & Estimates (green). Weeks & hrs/week are inputs (blue).
A4: Assumptions: | B4: Utilised hrs/week | C4: 40
C5: Phase weeks → | D5: 13 | E5: 13 | F5: 13 | G5: 9 | H5: 17
A6: Team | B6: Project Role | C6: Resource Title | D6: P0 Foundation | E6: P1 Pilot | F6: P2 Orchestration | G6: P3 Federation | H6: P4 Scale | I6: Peak FTE | J6: Total Hours
A7: Onshore | B7: Delivery Management Exec | C7: Delivery Management Executive | D7: =IF(D$5=0,0,'WBS & Estimates'!L6/(D$5*$C$4)) -> 0.05 | E7: =IF(E$5=0,0,'WBS & Estimates'!M6/(E$5*$C$4)) -> 0.05 | F7: =IF(F$5=0,0,'WBS & Estimates'!N6/(F$5*$C$4)) -> 0.05 | G7: =IF(G$5=0,0,'WBS & Estimates'!O6/(G$5*$C$4)) -> 0.05 | H7: =IF(H$5=0,0,'WBS & Estimates'!P6/(H$5*$C$4)) -> 0.05 | I7: =MAX(D7:H7) -> 0.05 | J7: ='WBS & Estimates'!J6 -> 130
A8: Onshore | B8: Engagement / Project Manager | C8: Senior Project Manager | D8: =IF(D$5=0,0,'WBS & Estimates'!L7/(D$5*$C$4)) -> 0.2 | E8: =IF(E$5=0,0,'WBS & Estimates'!M7/(E$5*$C$4)) -> 0.2 | F8: =IF(F$5=0,0,'WBS & Estimates'!N7/(F$5*$C$4)) -> 0.2 | G8: =IF(G$5=0,0,'WBS & Estimates'!O7/(G$5*$C$4)) -> 0.2 | H8: =IF(H$5=0,0,'WBS & Estimates'!P7/(H$5*$C$4)) -> 0.2 | I8: =MAX(D8:H8) -> 0.2 | J8: ='WBS & Estimates'!J7 -> 520
A9: Offshore | B9: Offshore Project Manager | C9: GD Offshore | D9: =IF(D$5=0,0,'WBS & Estimates'!L8/(D$5*$C$4)) -> 0.15384615 | E9: =IF(E$5=0,0,'WBS & Estimates'!M8/(E$5*$C$4)) -> 0.15384615 | F9: =IF(F$5=0,0,'WBS & Estimates'!N8/(F$5*$C$4)) -> 0.15384615 | G9: =IF(G$5=0,0,'WBS & Estimates'!O8/(G$5*$C$4)) -> 0.11111111 | H9: =IF(H$5=0,0,'WBS & Estimates'!P8/(H$5*$C$4)) -> 0.17647059 | I9: =MAX(D9:H9) -> 0.17647059 | J9: ='WBS & Estimates'!J8 -> 400
A10: Onshore | B10: Security & Compliance Architect | C10: Security Architect | D10: =IF(D$5=0,0,'WBS & Estimates'!L9/(D$5*$C$4)) -> 0.30769231 | E10: =IF(E$5=0,0,'WBS & Estimates'!M9/(E$5*$C$4)) -> 0.23076923 | F10: =IF(F$5=0,0,'WBS & Estimates'!N9/(F$5*$C$4)) -> 0.15384615 | G10: =IF(G$5=0,0,'WBS & Estimates'!O9/(G$5*$C$4)) -> 0.22222222 | H10: =IF(H$5=0,0,'WBS & Estimates'!P9/(H$5*$C$4)) -> 0.11764706 | I10: =MAX(D10:H10) -> 0.30769231 | J10: ='WBS & Estimates'!J9 -> 520
A11: Offshore | B11: Compliance / Validation Consultant | C11: GD Offshore | D11: =IF(D$5=0,0,'WBS & Estimates'!L10/(D$5*$C$4)) -> 0.23076923 | E11: =IF(E$5=0,0,'WBS & Estimates'!M10/(E$5*$C$4)) -> 0.23076923 | F11: =IF(F$5=0,0,'WBS & Estimates'!N10/(F$5*$C$4)) -> 0.15384615 | G11: =IF(G$5=0,0,'WBS & Estimates'!O10/(G$5*$C$4)) -> 0.22222222 | H11: =IF(H$5=0,0,'WBS & Estimates'!P10/(H$5*$C$4)) -> 0.17647059 | I11: =MAX(D11:H11) -> 0.23076923 | J11: ='WBS & Estimates'!J10 -> 520
A12: Onshore | B12: Data & AI Architect | C12: Domain Solution Architect | D12: =IF(D$5=0,0,'WBS & Estimates'!L11/(D$5*$C$4)) -> 0.30769231 | E12: =IF(E$5=0,0,'WBS & Estimates'!M11/(E$5*$C$4)) -> 0.15384615 | F12: =IF(F$5=0,0,'WBS & Estimates'!N11/(F$5*$C$4)) -> 0.15384615 | G12: =IF(G$5=0,0,'WBS & Estimates'!O11/(G$5*$C$4)) -> 0.16666667 | H12: =IF(H$5=0,0,'WBS & Estimates'!P11/(H$5*$C$4)) -> 0.11764706 | I12: =MAX(D12:H12) -> 0.30769231 | J12: ='WBS & Estimates'!J11 -> 460
A13: Onshore | B13: Data & AI Engineer | C13: Senior Consultant | D13: =IF(D$5=0,0,'WBS & Estimates'!L12/(D$5*$C$4)) -> 0.46153846 | E13: =IF(E$5=0,0,'WBS & Estimates'!M12/(E$5*$C$4)) -> 0.30769231 | F13: =IF(F$5=0,0,'WBS & Estimates'!N12/(F$5*$C$4)) -> 0.23076923 | G13: =IF(G$5=0,0,'WBS & Estimates'!O12/(G$5*$C$4)) -> 0.33333333 | H13: =IF(H$5=0,0,'WBS & Estimates'!P12/(H$5*$C$4)) -> 0.23529412 | I13: =MAX(D13:H13) -> 0.46153846 | J13: ='WBS & Estimates'!J12 -> 800
A14: Offshore | B14: Data & AI Engineer (offshore) | C14: GD Offshore | D14: =IF(D$5=0,0,'WBS & Estimates'!L13/(D$5*$C$4)) -> 0.61538462 | E14: =IF(E$5=0,0,'WBS & Estimates'!M13/(E$5*$C$4)) -> 0.46153846 | F14: =IF(F$5=0,0,'WBS & Estimates'!N13/(F$5*$C$4)) -> 0.30769231 | G14: =IF(G$5=0,0,'WBS & Estimates'!O13/(G$5*$C$4)) -> 0.44444444 | H14: =IF(H$5=0,0,'WBS & Estimates'!P13/(H$5*$C$4)) -> 0.35294118 | I14: =MAX(D14:H14) -> 0.61538462 | J14: ='WBS & Estimates'!J13 -> 1120
A15: Offshore | B15: Azure Infra & Networking Eng (offshore) | C15: GD Offshore | D15: =IF(D$5=0,0,'WBS & Estimates'!L14/(D$5*$C$4)) -> 0.38461538 | E15: =IF(E$5=0,0,'WBS & Estimates'!M14/(E$5*$C$4)) -> 0.15384615 | F15: =IF(F$5=0,0,'WBS & Estimates'!N14/(F$5*$C$4)) -> 0.15384615 | G15: =IF(G$5=0,0,'WBS & Estimates'!O14/(G$5*$C$4)) -> 0.22222222 | H15: =IF(H$5=0,0,'WBS & Estimates'!P14/(H$5*$C$4)) -> 0.17647059 | I15: =MAX(D15:H15) -> 0.38461538 | J15: ='WBS & Estimates'!J14 -> 560
A16: Onshore | B16: Lead Solution Architect | C16: Senior Domain Solution Architect | D16: =IF(D$5=0,0,'WBS & Estimates'!L15/(D$5*$C$4)) -> 0.076923077 | E16: =IF(E$5=0,0,'WBS & Estimates'!M15/(E$5*$C$4)) -> 0.23076923 | F16: =IF(F$5=0,0,'WBS & Estimates'!N15/(F$5*$C$4)) -> 0.30769231 | G16: =IF(G$5=0,0,'WBS & Estimates'!O15/(G$5*$C$4)) -> 0.33333333 | H16: =IF(H$5=0,0,'WBS & Estimates'!P15/(H$5*$C$4)) -> 0.23529412 | I16: =MAX(D16:H16) -> 0.33333333 | J16: ='WBS & Estimates'!J15 -> 600
A17: Onshore | B17: Product Owner | C17: Consulting Product Manager | D17: =IF(D$5=0,0,'WBS & Estimates'!L16/(D$5*$C$4)) -> 0.076923077 | E17: =IF(E$5=0,0,'WBS & Estimates'!M16/(E$5*$C$4)) -> 0.23076923 | F17: =IF(F$5=0,0,'WBS & Estimates'!N16/(F$5*$C$4)) -> 0.23076923 | G17: =IF(G$5=0,0,'WBS & Estimates'!O16/(G$5*$C$4)) -> 0.22222222 | H17: =IF(H$5=0,0,'WBS & Estimates'!P16/(H$5*$C$4)) -> 0.17647059 | I17: =MAX(D17:H17) -> 0.23076923 | J17: ='WBS & Estimates'!J16 -> 480
A18: Onshore | B18: Principal Data Scientist | C18: Principal Data Scientist | D18: =IF(D$5=0,0,'WBS & Estimates'!L17/(D$5*$C$4)) -> 0.076923077 | E18: =IF(E$5=0,0,'WBS & Estimates'!M17/(E$5*$C$4)) -> 0.30769231 | F18: =IF(F$5=0,0,'WBS & Estimates'!N17/(F$5*$C$4)) -> 0.38461538 | G18: =IF(G$5=0,0,'WBS & Estimates'!O17/(G$5*$C$4)) -> 0.33333333 | H18: =IF(H$5=0,0,'WBS & Estimates'!P17/(H$5*$C$4)) -> 0.23529412 | I18: =MAX(D18:H18) -> 0.38461538 | J18: ='WBS & Estimates'!J17 -> 680
... A23: Offshore | B23: SbD / Platform Ops (offshore) | C23: GD Offshore | D23: =IF(D$5=0,0,'WBS & Estimates'!L22/(D$5*$C$4)) -> 0 | E23: =IF(E$5=0,0,'WBS & Estimates'!M22/(E$5*$C$4)) -> 0.076923077 | F23: =IF(F$5=0,0,'WBS & Estimates'!N22/(F$5*$C$4)) -> 0.15384615 | G23: =IF(G$5=0,0,'WBS & Estimates'!O22/(G$5*$C$4)) -> 0.33333333 | H23: =IF(H$5=0,0,'WBS & Estimates'!P22/(H$5*$C$4)) -> 0.47058824 | I23: =MAX(D23:H23) -> 0.47058824 | J23: ='WBS & Estimates'!J22 -> 560
A24: TOTAL | C24: Blended FTE / phase | D24: =SUM(D7:D23) -> 2.9423077 | E24: =SUM(E7:E23) -> 4.1730769 | F24: =SUM(F7:F23) -> 4.6346154 | G24: =SUM(G7:G23) -> 5.4166667 | H24: =SUM(H7:H23) -> 4.6029412 | I24: =MAX(D24:H24) -> 5.4166667 | J24: ='WBS & Estimates'!J23 -> 11190
C25: Named roles (headcount) | J25: 17
